{"cameraMode":{"drawMode":0,"name":"Shaded","section":"Shading Mode"},"sceneLighting":true,"audioPlay":false,"sceneViewState":{"m_AlwaysRefresh":false,"showFog":true,"showSkybox":true,"showFlares":true,"showImageEffects":true,"showParticleSystems":true,"showVisualEffectGraphs":true,"m_FxEnabled":true},"in2DMode":false,"pivot":{"x":4.499267578125,"y":-1.66693115234375,"z":-0.533111572265625},"rotation":{"x":0.015296738594770432,"y":0.018297085538506509,"z":-0.0002733438741415739,"w":0.9997320771217346},"size":23.774490356445314,"orthographic":true}